"dose","resp"
0,97.8147155280601
0,100
0,100
0,93.5562912372607
0,95.1693307413514
0,100
0.94,100
0.94,89.2241279940159
0.94,100
1.88,88.6710858764841
1.88,83.2328384110802
1.88,76.4222271687185
3.75,24.8408083629968
3.75,37.2381691266951
3.75,54.6282712009037
7.5,15.3238752888617
7.5,11.0608423119213
7.5,13.6417055184665
15,8.87171727249886
15,6.77476591718095
15,10.6460607269986
30,3.2260790081814
30,2.83894952719964
30,5.67789905439927
